[
    {"name":"Aurangabad","state":"Maharashtra","country":"India","latitude":19.8762,"longitude":75.3433,"timezone":"Asia/Kolkata","popularity":6,"average_time_spent":2,"vibe":"Heritage","created_at":null,"updated_at":null},
    {"name":"Agra","state":"Uttar Pradesh","country":"India","latitude":27.1767,"longitude":78.0081,"timezone":"Asia/Kolkata","popularity":9,"average_time_spent":1.5,"vibe":"Heritage","created_at":null,"updated_at":null},
    {"name":"Ahmedabad","state":"Gujarat","country":"India","latitude":23.0225,"longitude":72.5714,"timezone":"Asia/Kolkata","popularity":7,"average_time_spent":2,"vibe":"Urban","created_at":null,"updated_at":null},
    {"name":"Agati","state":"Lakshadweep","country":"India","latitude":10.8231,"longitude":72.1766,"timezone":"Asia/Kolkata","popularity":5,"average_time_spent":3,"vibe":"Coastal","created_at":null,"updated_at":null},
    {"name":"Aizawl","state":"Mizoram","country":"India","latitude":23.7271,"longitude":92.7176,"timezone":"Asia/Kolkata","popularity":4,"average_time_spent":2,"vibe":"Hill","created_at":null,"updated_at":null},
    {"name":"Ayodhya","state":"Uttar Pradesh","country":"India","latitude":26.7922,"longitude":82.1998,"timezone":"Asia/Kolkata","popularity":8,"average_time_spent":1.5,"vibe":"Spiritual","created_at":null,"updated_at":null},
    {"name":"Bengaluru","state":"Karnataka","country":"India","latitude":12.9716,"longitude":77.5946,"timezone":"Asia/Kolkata","popularity":9,"average_time_spent":3,"vibe":"Urban","created_at":null,"updated_at":null},
    {"name":"Chandigarh","state":"Chandigarh","country":"India","latitude":30.7333,"longitude":76.7794,"timezone":"Asia/Kolkata","popularity":6,"average_time_spent":2,"vibe":"Urban","created_at":null,"updated_at":null},
    {"name":"Chennai","state":"Tamil Nadu","country":"India","latitude":13.0827,"longitude":80.2707,"timezone":"Asia/Kolkata","popularity":8,"average_time_spent":3,"vibe":"Coastal","created_at":null,"updated_at":null},
    {"name":"Bhubaneswar","state":"Odisha","country":"India","latitude":20.2961,"longitude":85.8245,"timezone":"Asia/Kolkata","popularity":6,"average_time_spent":2,"vibe":"Spiritual","created_at":null,"updated_at":null},
    {"name":"Delhi","state":"Delhi","country":"India","latitude":28.6139,"longitude":77.2090,"timezone":"Asia/Kolkata","popularity":10,"average_time_spent":3,"vibe":"Urban","created_at":null,"updated_at":null},
    {"name":"Coimbatore","state":"Tamil Nadu","country":"India","latitude":11.0168,"longitude":76.9558,"timezone":"Asia/Kolkata","popularity":6,"average_time_spent":2,"vibe":"Urban","created_at":null,"updated_at":null},
    {"name":"Dehradun","state":"Uttarakhand","country":"India","latitude":30.3165,"longitude":78.0322,"timezone":"Asia/Kolkata","popularity":7,"average_time_spent":2,"vibe":"Hill","created_at":null,"updated_at":null},
    {"name":"Dharamshala","state":"Himachal Pradesh","country":"India","latitude":32.2190,"longitude":76.3234,"timezone":"Asia/Kolkata","popularity":8,"average_time_spent":3,"vibe":"Mountain","created_at":null,"updated_at":null},
    {"name":"Daman and Diu","state":"Dadra and Nagar Haveli and Daman and Diu","country":"India","latitude":20.3974,"longitude":72.8328,"timezone":"Asia/Kolkata","popularity":6,"average_time_spent":2,"vibe":"Relaxed","created_at":null,"updated_at":null},
    {"name":"Goa","state":"Goa","country":"India","latitude":15.2993,"longitude":74.1240,"timezone":"Asia/Kolkata","popularity":10,"average_time_spent":4,"vibe":"Relaxed","created_at":null,"updated_at":null},
    {"name":"Guwahati","state":"Assam","country":"India","latitude":26.1445,"longitude":91.7362,"timezone":"Asia/Kolkata","popularity":6,"average_time_spent":2,"vibe":"Urban","created_at":null,"updated_at":null},
    {"name":"Hyderabad","state":"Telangana","country":"India","latitude":17.3850,"longitude":78.4867,"timezone":"Asia/Kolkata","popularity":8,"average_time_spent":3,"vibe":"Heritage","created_at":null,"updated_at":null},
    {"name":"Indore","state":"Madhya Pradesh","country":"India","latitude":22.7196,"longitude":75.8577,"timezone":"Asia/Kolkata","popularity":6,"average_time_spent":2,"vibe":"Urban","created_at":null,"updated_at":null},
    {"name":"Itanagar","state":"Arunachal Pradesh","country":"India","latitude":27.0844,"longitude":93.6053,"timezone":"Asia/Kolkata","popularity":4,"average_time_spent":2,"vibe":"Hill","created_at":null,"updated_at":null},
    {"name":"Jaipur","state":"Rajasthan","country":"India","latitude":26.9124,"longitude":75.7873,"timezone":"Asia/Kolkata","popularity":9,"average_time_spent":2.5,"vibe":"Heritage","created_at":null,"updated_at":null},
    {"name":"Jodhpur","state":"Rajasthan","country":"India","latitude":26.2389,"longitude":73.0243,"timezone":"Asia/Kolkata","popularity":8,"average_time_spent":2,"vibe":"Heritage","created_at":null,"updated_at":null},
    {"name":"Jammu","state":"Jammu and Kashmir","country":"India","latitude":32.7266,"longitude":74.8570,"timezone":"Asia/Kolkata","popularity":7,"average_time_spent":2,"vibe":"Spiritual","created_at":null,"updated_at":null},
    {"name":"Jaisalmer","state":"Rajasthan","country":"India","latitude":26.9157,"longitude":70.9083,"timezone":"Asia/Kolkata","popularity":8,"average_time_spent":2,"vibe":"Heritage","created_at":null,"updated_at":null},
    {"name":"Kota","state":"Rajasthan","country":"India","latitude":25.2138,"longitude":75.8648,"timezone":"Asia/Kolkata","popularity":5,"average_time_spent":1.5,"vibe":"Urban","created_at":null,"updated_at":null},
    {"name":"Kochi","state":"Kerala","country":"India","latitude":9.9312,"longitude":76.2673,"timezone":"Asia/Kolkata","popularity":8,"average_time_spent":3,"vibe":"Coastal","created_at":null,"updated_at":null},
    {"name":"Kolkata","state":"West Bengal","country":"India","latitude":22.5726,"longitude":88.3639,"timezone":"Asia/Kolkata","popularity":8,"average_time_spent":3,"vibe":"Urban","created_at":null,"updated_at":null},
    {"name":"Kozhikode","state":"Kerala","country":"India","latitude":11.2588,"longitude":75.7804,"timezone":"Asia/Kolkata","popularity":6,"average_time_spent":2,"vibe":"Coastal","created_at":null,"updated_at":null},
    {"name":"Leh","state":"Ladakh","country":"India","latitude":34.1526,"longitude":77.5771,"timezone":"Asia/Kolkata","popularity":9,"average_time_spent":4,"vibe":"Mountain","created_at":null,"updated_at":null},
    {"name":"Lucknow","state":"Uttar Pradesh","country":"India","latitude":26.8467,"longitude":80.9462,"timezone":"Asia/Kolkata","popularity":7,"average_time_spent":2,"vibe":"Heritage","created_at":null,"updated_at":null},
    {"name":"Madurai","state":"Tamil Nadu","country":"India","latitude":9.9252,"longitude":78.1198,"timezone":"Asia/Kolkata","popularity":7,"average_time_spent":2,"vibe":"Heritage","created_at":null,"updated_at":null},
    {"name":"Mumbai","state":"Maharashtra","country":"India","latitude":19.0760,"longitude":72.8777,"timezone":"Asia/Kolkata","popularity":10,"average_time_spent":3,"vibe":"Urban","created_at":null,"updated_at":null},
    {"name":"Mysore","state":"Karnataka","country":"India","latitude":12.2958,"longitude":76.6394,"timezone":"Asia/Kolkata","popularity":7,"average_time_spent":2,"vibe":"Heritage","created_at":null,"updated_at":null},
    {"name":"Prayagraj","state":"Uttar Pradesh","country":"India","latitude":25.4358,"longitude":81.8463,"timezone":"Asia/Kolkata","popularity":7,"average_time_spent":1.5,"vibe":"Spiritual","created_at":null,"updated_at":null},
    {"name":"Pune","state":"Maharashtra","country":"India","latitude":18.5204,"longitude":73.8567,"timezone":"Asia/Kolkata","popularity":8,"average_time_spent":2.5,"vibe":"Urban","created_at":null,"updated_at":null},
    {"name":"Shillong","state":"Meghalaya","country":"India","latitude":25.5788,"longitude":91.8933,"timezone":"Asia/Kolkata","popularity":8,"average_time_spent":3,"vibe":"Hill","created_at":null,"updated_at":null},
    {"name":"Shirdi","state":"Maharashtra","country":"India","latitude":19.7645,"longitude":74.4760,"timezone":"Asia/Kolkata","popularity":8,"average_time_spent":1.5,"vibe":"Spiritual","created_at":null,"updated_at":null},
    {"name":"Srinagar","state":"Jammu and Kashmir","country":"India","latitude":34.0837,"longitude":74.7973,"timezone":"Asia/Kolkata","popularity":9,"average_time_spent":3,"vibe":"Mountain","created_at":null,"updated_at":null},
    {"name":"Thiruvananthapuram","state":"Kerala","country":"India","latitude":8.5241,"longitude":76.9366,"timezone":"Asia/Kolkata","popularity":7,"average_time_spent":2.5,"vibe":"Relaxed","created_at":null,"updated_at":null},
    {"name":"Udaipur","state":"Rajasthan","country":"India","latitude":24.5854,"longitude":73.7125,"timezone":"Asia/Kolkata","popularity":9,"average_time_spent":2.5,"vibe":"Heritage","created_at":null,"updated_at":null},
    {"name":"Varanasi","state":"Uttar Pradesh","country":"India","latitude":25.3176,"longitude":82.9739,"timezone":"Asia/Kolkata","popularity":9,"average_time_spent":2,"vibe":"Spiritual","created_at":null,"updated_at":null},
    {"name":"Visakhapatnam","state":"Andhra Pradesh","country":"India","latitude":17.6868,"longitude":83.2185,"timezone":"Asia/Kolkata","popularity":7,"average_time_spent":2.5,"vibe":"Coastal","created_at":null,"updated_at":null}
  ]


  